Model Year;Make;Model;Electric Vehicle Type;Clean Alternative Fuel Vehicle (CAFV) Eligibility;Electric Range
2020;110;KONA;Battery Electric Vehicle (BEV);Clean Alternative Fuel Vehicle Eligible;258
2023;110;TUCSON;Plug-in Hybrid Electric Vehicle (PHEV);Clean Alternative Fuel Vehicle Eligible;33
2023;110;IONIQ 5;Battery Electric Vehicle (BEV);Eligibility unknown as battery range has not been researched;NOT TESTED
2022;110;TUCSON;Plug-in Hybrid Electric Vehicle (PHEV);Clean Alternative Fuel Vehicle Eligible;33
2022;110;IONIQ 5;Battery Electric Vehicle (BEV);Eligibility unknown as battery range has not been researched;NOT TESTED
2023;110;KONA ELECTRIC;Battery Electric Vehicle (BEV);Eligibility unknown as battery range has not been researched;NOT TESTED
2022;110;SANTA FE;Plug-in Hybrid Electric Vehicle (PHEV);Clean Alternative Fuel Vehicle Eligible;31
2021;110;KONA ELECTRIC;Battery Electric Vehicle (BEV);Eligibility unknown as battery range has not been researched;NOT TESTED
2022;110;IONIQ;Plug-in Hybrid Electric Vehicle (PHEV);Not eligible due to low battery range;29
2023;110;IONIQ 6;Battery Electric Vehicle (BEV);Eligibility unknown as battery range has not been researched;NOT TESTED
2019;110;IONIQ;Plug-in Hybrid Electric Vehicle (PHEV);Not eligible due to low battery range;29
2020;110;IONIQ;Plug-in Hybrid Electric Vehicle (PHEV);Not eligible due to low battery range;29
2017;110;IONIQ;Battery Electric Vehicle (BEV);Clean Alternative Fuel Vehicle Eligible;124
2023;110;SANTA FE;Plug-in Hybrid Electric Vehicle (PHEV);Clean Alternative Fuel Vehicle Eligible;30
2016;110;SONATA;Plug-in Hybrid Electric Vehicle (PHEV);Not eligible due to low battery range;27
2018;110;IONIQ;Plug-in Hybrid Electric Vehicle (PHEV);Not eligible due to low battery range;29
2021;110;IONIQ;Plug-in Hybrid Electric Vehicle (PHEV);Not eligible due to low battery range;29
2017;110;SONATA;Plug-in Hybrid Electric Vehicle (PHEV);Not eligible due to low battery range;27
2022;110;KONA ELECTRIC;Battery Electric Vehicle (BEV);Eligibility unknown as battery range has not been researched;NOT TESTED
2019;110;KONA;Battery Electric Vehicle (BEV);Clean Alternative Fuel Vehicle Eligible;258
2020;110;IONIQ;Battery Electric Vehicle (BEV);Clean Alternative Fuel Vehicle Eligible;170
2021;110;IONIQ;Battery Electric Vehicle (BEV);Eligibility unknown as battery range has not been researched;NOT TESTED
2019;110;IONIQ;Battery Electric Vehicle (BEV);Clean Alternative Fuel Vehicle Eligible;124
2019;110;SONATA;Plug-in Hybrid Electric Vehicle (PHEV);Not eligible due to low battery range;28
2019;110;IONIQ;Battery Electric Vehicle (BEV);Not eligible due to low battery range;29
2018;110;IONIQ;Battery Electric Vehicle (BEV);Clean Alternative Fuel Vehicle Eligible;124
2022;111;GRAND CHEROKEE;Plug-in Hybrid Electric Vehicle (PHEV);Not eligible due to low battery range;25
2023;111;GRAND CHEROKEE;Plug-in Hybrid Electric Vehicle (PHEV);Not eligible due to low battery range;25
2022;111;WRANGLER;Plug-in Hybrid Electric Vehicle (PHEV);Not eligible due to low battery range;22
2021;111;WRANGLER;Plug-in Hybrid Electric Vehicle (PHEV);Not eligible due to low battery range;21
2023;111;WRANGLER;Plug-in Hybrid Electric Vehicle (PHEV);Not eligible due to low battery range;21
2021;111;WRANGLER;Plug-in Hybrid Electric Vehicle (PHEV);Not eligible due to low battery range;25
2022;111;WRANGLER;Plug-in Hybrid Electric Vehicle (PHEV);Not eligible due to low battery range;21
2024;111;WRANGLER;Plug-in Hybrid Electric Vehicle (PHEV);Not eligible due to low battery range;21
2018;112;MODEL 3;Battery Electric Vehicle (BEV);Clean Alternative Fuel Vehicle Eligible;215
2020;112;MODEL 3;Battery Electric Vehicle (BEV);Clean Alternative Fuel Vehicle Eligible;266
2020;112;MODEL Y;Battery Electric Vehicle (BEV);Clean Alternative Fuel Vehicle Eligible;291
2023;112;MODEL Y;Battery Electric Vehicle (BEV);Eligibility unknown as battery range has not been researched;NOT TESTED
2019;112;MODEL 3;Battery Electric Vehicle (BEV);Clean Alternative Fuel Vehicle Eligible;220
2018;112;MODEL S;Battery Electric Vehicle (BEV);Clean Alternative Fuel Vehicle Eligible;249
2020;112;MODEL 3;Battery Electric Vehicle (BEV);Clean Alternative Fuel Vehicle Eligible;322
2020;112;MODEL S;Battery Electric Vehicle (BEV);Clean Alternative Fuel Vehicle Eligible;330
2023;112;MODEL 3;Battery Electric Vehicle (BEV);Eligibility unknown as battery range has not been researched;NOT TESTED
2016;112;MODEL X;Battery Electric Vehicle (BEV);Clean Alternative Fuel Vehicle Eligible;200
2020;112;MODEL X;Battery Electric Vehicle (BEV);Clean Alternative Fuel Vehicle Eligible;289
2013;112;MODEL S;Battery Electric Vehicle (BEV);Clean Alternative Fuel Vehicle Eligible;208
2015;112;MODEL S;Battery Electric Vehicle (BEV);Clean Alternative Fuel Vehicle Eligible;208
2018;112;MODEL X;Battery Electric Vehicle (BEV);Clean Alternative Fuel Vehicle Eligible;238
2014;112;MODEL S;Battery Electric Vehicle (BEV);Clean Alternative Fuel Vehicle Eligible;208
2017;112;MODEL S;Battery Electric Vehicle (BEV);Clean Alternative Fuel Vehicle Eligible;210
2019;112;MODEL X;Battery Electric Vehicle (BEV);Clean Alternative Fuel Vehicle Eligible;289
2016;112;MODEL S;Battery Electric Vehicle (BEV);Clean Alternative Fuel Vehicle Eligible;210
2020;112;MODEL 3;Battery Electric Vehicle (BEV);Clean Alternative Fuel Vehicle Eligible;308
2022;112;MODEL Y;Battery Electric Vehicle (BEV);Eligibility unknown as battery range has not been researched;NOT TESTED
2021;112;MODEL Y;Battery Electric Vehicle (BEV);Eligibility unknown as battery range has not been researched;NOT TESTED
2022;112;MODEL 3;Battery Electric Vehicle (BEV);Eligibility unknown as battery range has not been researched;NOT TESTED
2020;112;MODEL X;Battery Electric Vehicle (BEV);Clean Alternative Fuel Vehicle Eligible;293
2017;112;MODEL X;Battery Electric Vehicle (BEV);Clean Alternative Fuel Vehicle Eligible;200
2022;112;MODEL X;Battery Electric Vehicle (BEV);Eligibility unknown as battery range has not been researched;NOT TESTED
2021;112;MODEL 3;Battery Electric Vehicle (BEV);Eligibility unknown as battery range has not been researched;NOT TESTED
2019;112;MODEL S;Battery Electric Vehicle (BEV);Clean Alternative Fuel Vehicle Eligible;270
2022;112;MODEL S;Battery Electric Vehicle (BEV);Eligibility unknown as battery range has not been researched;NOT TESTED
2023;112;MODEL X;Battery Electric Vehicle (BEV);Eligibility unknown as battery range has not been researched;NOT TESTED
2012;112;MODEL S;Battery Electric Vehicle (BEV);Clean Alternative Fuel Vehicle Eligible;265
2021;112;MODEL X;Battery Electric Vehicle (BEV);Eligibility unknown as battery range has not been researched;NOT TESTED
2021;112;MODEL S;Battery Electric Vehicle (BEV);Eligibility unknown as battery range has not been researched;NOT TESTED
2017;112;MODEL 3;Battery Electric Vehicle (BEV);Clean Alternative Fuel Vehicle Eligible;220
2023;112;MODEL S;Battery Electric Vehicle (BEV);Eligibility unknown as battery range has not been researched;NOT TESTED
2020;112;MODEL S;Battery Electric Vehicle (BEV);Clean Alternative Fuel Vehicle Eligible;337
2010;112;ROADSTER;Battery Electric Vehicle (BEV);Clean Alternative Fuel Vehicle Eligible;245
2011;112;ROADSTER;Battery Electric Vehicle (BEV);Clean Alternative Fuel Vehicle Eligible;245
2008;112;ROADSTER;Battery Electric Vehicle (BEV);Clean Alternative Fuel Vehicle Eligible;220
2018;113;I3;Plug-in Hybrid Electric Vehicle (PHEV);Clean Alternative Fuel Vehicle Eligible;97
2018;113;X5;Plug-in Hybrid Electric Vehicle (PHEV);Not eligible due to low battery range;13
2023;113;330E;Plug-in Hybrid Electric Vehicle (PHEV);Not eligible due to low battery range;20
2014;113;I3;Plug-in Hybrid Electric Vehicle (PHEV);Clean Alternative Fuel Vehicle Eligible;72
2022;113;X5;Plug-in Hybrid Electric Vehicle (PHEV);Clean Alternative Fuel Vehicle Eligible;30
2014;113;I3;Battery Electric Vehicle (BEV);Clean Alternative Fuel Vehicle Eligible;81
2021;113;X3;Plug-in Hybrid Electric Vehicle (PHEV);Not eligible due to low battery range;17
2016;113;I3;Plug-in Hybrid Electric Vehicle (PHEV);Clean Alternative Fuel Vehicle Eligible;72
2016;113;X5;Plug-in Hybrid Electric Vehicle (PHEV);Not eligible due to low battery range;14
2017;113;I3;Plug-in Hybrid Electric Vehicle (PHEV);Clean Alternative Fuel Vehicle Eligible;97
2023;113;X5;Plug-in Hybrid Electric Vehicle (PHEV);Clean Alternative Fuel Vehicle Eligible;30
2017;113;I3;Battery Electric Vehicle (BEV);Clean Alternative Fuel Vehicle Eligible;81
2020;113;I3;Battery Electric Vehicle (BEV);Clean Alternative Fuel Vehicle Eligible;153
2015;113;I3;Plug-in Hybrid Electric Vehicle (PHEV);Clean Alternative Fuel Vehicle Eligible;72
2023;113;IX;Battery Electric Vehicle (BEV);Eligibility unknown as battery range has not been researched;NOT TESTED
2015;113;I3;Battery Electric Vehicle (BEV);Clean Alternative Fuel Vehicle Eligible;81
2018;113;740E;Plug-in Hybrid Electric Vehicle (PHEV);Not eligible due to low battery range;14
2018;113;530E;Plug-in Hybrid Electric Vehicle (PHEV);Not eligible due to low battery range;14
2019;113;I3;Battery Electric Vehicle (BEV);Clean Alternative Fuel Vehicle Eligible;153
2023;113;I4;Battery Electric Vehicle (BEV);Eligibility unknown as battery range has not been researched;NOT TESTED
2020;113;X3;Plug-in Hybrid Electric Vehicle (PHEV);Not eligible due to low battery range;17
2017;113;I8;Plug-in Hybrid Electric Vehicle (PHEV);Not eligible due to low battery range;14
2021;113;X5;Plug-in Hybrid Electric Vehicle (PHEV);Clean Alternative Fuel Vehicle Eligible;30
2023;113;530E;Plug-in Hybrid Electric Vehicle (PHEV);Not eligible due to low battery range;18
2017;113;X5;Plug-in Hybrid Electric Vehicle (PHEV);Not eligible due to low battery range;14
2021;113;I3;Battery Electric Vehicle (BEV);Eligibility unknown as battery range has not been researched;NOT TESTED
2018;113;330E;Plug-in Hybrid Electric Vehicle (PHEV);Not eligible due to low battery range;14
2018;113;530E;Plug-in Hybrid Electric Vehicle (PHEV);Not eligible due to low battery range;16
2022;113;IX;Battery Electric Vehicle (BEV);Eligibility unknown as battery range has not been researched;NOT TESTED
2021;113;330E;Plug-in Hybrid Electric Vehicle (PHEV);Not eligible due to low battery range;20
2021;113;530E;Plug-in Hybrid Electric Vehicle (PHEV);Not eligible due to low battery range;21
2018;113;I3;Battery Electric Vehicle (BEV);Clean Alternative Fuel Vehicle Eligible;114
2024;113;X5;Plug-in Hybrid Electric Vehicle (PHEV);Clean Alternative Fuel Vehicle Eligible;39
2019;113;I3;Plug-in Hybrid Electric Vehicle (PHEV);Clean Alternative Fuel Vehicle Eligible;126
2020;113;530E;Plug-in Hybrid Electric Vehicle (PHEV);Not eligible due to low battery range;18
2022;113;I4;Battery Electric Vehicle (BEV);Eligibility unknown as battery range has not been researched;NOT TESTED
2021;113;I3;Plug-in Hybrid Electric Vehicle (PHEV);Clean Alternative Fuel Vehicle Eligible;126
2022;113;330E;Plug-in Hybrid Electric Vehicle (PHEV);Not eligible due to low battery range;22
2024;113;IX;Battery Electric Vehicle (BEV);Eligibility unknown as battery range has not been researched;NOT TESTED
2019;113;530E;Plug-in Hybrid Electric Vehicle (PHEV);Not eligible due to low battery range;16
2020;113;I3;Plug-in Hybrid Electric Vehicle (PHEV);Clean Alternative Fuel Vehicle Eligible;126
2021;113;I3;Plug-in Hybrid Electric Vehicle (PHEV);Clean Alternative Fuel Vehicle Eligible;153
2017;113;330E;Plug-in Hybrid Electric Vehicle (PHEV);Not eligible due to low battery range;14
2014;113;I8;Plug-in Hybrid Electric Vehicle (PHEV);Not eligible due to low battery range;14
2016;113;330E;Plug-in Hybrid Electric Vehicle (PHEV);Not eligible due to low battery range;14
2019;113;530E;Plug-in Hybrid Electric Vehicle (PHEV);Not eligible due to low battery range;15
2019;113;740E;Plug-in Hybrid Electric Vehicle (PHEV);Not eligible due to low battery range;14
2019;113;I8;Plug-in Hybrid Electric Vehicle (PHEV);Not eligible due to low battery range;17
2015;113;I8;Plug-in Hybrid Electric Vehicle (PHEV);Not eligible due to low battery range;14
2021;113;530E;Plug-in Hybrid Electric Vehicle (PHEV);Not eligible due to low battery range;18
2021;113;330E;Plug-in Hybrid Electric Vehicle (PHEV);Not eligible due to low battery range;22
2020;113;745E;Plug-in Hybrid Electric Vehicle (PHEV);Not eligible due to low battery range;16
2016;113;I3;Battery Electric Vehicle (BEV);Clean Alternative Fuel Vehicle Eligible;81
2022;113;530E;Plug-in Hybrid Electric Vehicle (PHEV);Not eligible due to low battery range;18
2023;113;330E;Plug-in Hybrid Electric Vehicle (PHEV);Not eligible due to low battery range;22
2019;113;I8;Plug-in Hybrid Electric Vehicle (PHEV);Not eligible due to low battery range;18
2017;113;740E;Plug-in Hybrid Electric Vehicle (PHEV);Not eligible due to low battery range;14
2016;113;I8;Plug-in Hybrid Electric Vehicle (PHEV);Not eligible due to low battery range;14
2020;113;530E;Plug-in Hybrid Electric Vehicle (PHEV);Not eligible due to low battery range;20
2023;113;530E;Plug-in Hybrid Electric Vehicle (PHEV);Not eligible due to low battery range;21
2022;113;745LE;Plug-in Hybrid Electric Vehicle (PHEV);Not eligible due to low battery range;16
2022;113;530E;Plug-in Hybrid Electric Vehicle (PHEV);Not eligible due to low battery range;21
2020;113;I8;Plug-in Hybrid Electric Vehicle (PHEV);Not eligible due to low battery range;17
2017;114;PACIFICA;Plug-in Hybrid Electric Vehicle (PHEV);Clean Alternative Fuel Vehicle Eligible;33
2023;114;PACIFICA;Plug-in Hybrid Electric Vehicle (PHEV);Clean Alternative Fuel Vehicle Eligible;32
2018;114;PACIFICA;Plug-in Hybrid Electric Vehicle (PHEV);Clean Alternative Fuel Vehicle Eligible;33
2020;114;PACIFICA;Plug-in Hybrid Electric Vehicle (PHEV);Clean Alternative Fuel Vehicle Eligible;32
2021;114;PACIFICA;Plug-in Hybrid Electric Vehicle (PHEV);Clean Alternative Fuel Vehicle Eligible;32
2022;114;PACIFICA;Plug-in Hybrid Electric Vehicle (PHEV);Clean Alternative Fuel Vehicle Eligible;32
2019;114;PACIFICA;Plug-in Hybrid Electric Vehicle (PHEV);Clean Alternative Fuel Vehicle Eligible;32
2016;115;FUSION;Plug-in Hybrid Electric Vehicle (PHEV);Not eligible due to low battery range;19
2013;115;FUSION;Plug-in Hybrid Electric Vehicle (PHEV);Not eligible due to low battery range;19
2016;115;C-MAX;Plug-in Hybrid Electric Vehicle (PHEV);Not eligible due to low battery range;19
2013;115;FOCUS;Battery Electric Vehicle (BEV);Clean Alternative Fuel Vehicle Eligible;76
2017;115;FUSION;Plug-in Hybrid Electric Vehicle (PHEV);Not eligible due to low battery range;21
2015;115;FUSION;Plug-in Hybrid Electric Vehicle (PHEV);Not eligible due to low battery range;19
2014;115;C-MAX;Plug-in Hybrid Electric Vehicle (PHEV);Not eligible due to low battery range;19
2023;115;MUSTANG MACH-E;Battery Electric Vehicle (BEV);Eligibility unknown as battery range has not been researched;NOT TESTED
2022;115;TRANSIT;Battery Electric Vehicle (BEV);Eligibility unknown as battery range has not been researched;NOT TESTED
2021;115;ESCAPE;Plug-in Hybrid Electric Vehicle (PHEV);Clean Alternative Fuel Vehicle Eligible;38
2022;115;ESCAPE;Plug-in Hybrid Electric Vehicle (PHEV);Clean Alternative Fuel Vehicle Eligible;38
2022;115;MUSTANG MACH-E;Battery Electric Vehicle (BEV);Eligibility unknown as battery range has not been researched;NOT TESTED
2023;115;F-150;Battery Electric Vehicle (BEV);Eligibility unknown as battery range has not been researched;NOT TESTED
2014;115;FUSION;Plug-in Hybrid Electric Vehicle (PHEV);Not eligible due to low battery range;19
2019;115;FUSION;Plug-in Hybrid Electric Vehicle (PHEV);Not eligible due to low battery range;26
2021;115;MUSTANG MACH-E;Battery Electric Vehicle (BEV);Eligibility unknown as battery range has not been researched;NOT TESTED
2022;115;F-150;Battery Electric Vehicle (BEV);Eligibility unknown as battery range has not been researched;NOT TESTED
2017;115;C-MAX;Plug-in Hybrid Electric Vehicle (PHEV);Not eligible due to low battery range;20
2013;115;C-MAX;Plug-in Hybrid Electric Vehicle (PHEV);Not eligible due to low battery range;19
2015;115;FOCUS;Battery Electric Vehicle (BEV);Clean Alternative Fuel Vehicle Eligible;76
2023;115;ESCAPE;Plug-in Hybrid Electric Vehicle (PHEV);Clean Alternative Fuel Vehicle Eligible;37
2018;115;FUSION;Plug-in Hybrid Electric Vehicle (PHEV);Not eligible due to low battery range;21
2015;115;C-MAX;Plug-in Hybrid Electric Vehicle (PHEV);Not eligible due to low battery range;19
2020;115;FUSION;Plug-in Hybrid Electric Vehicle (PHEV);Not eligible due to low battery range;26
2012;115;FOCUS;Battery Electric Vehicle (BEV);Clean Alternative Fuel Vehicle Eligible;76
2014;115;FOCUS;Battery Electric Vehicle (BEV);Clean Alternative Fuel Vehicle Eligible;76
2023;115;TRANSIT;Battery Electric Vehicle (BEV);Eligibility unknown as battery range has not been researched;NOT TESTED
2016;115;FOCUS;Battery Electric Vehicle (BEV);Clean Alternative Fuel Vehicle Eligible;76
2017;115;FOCUS;Battery Electric Vehicle (BEV);Clean Alternative Fuel Vehicle Eligible;100
2000;115;RANGER;Battery Electric Vehicle (BEV);Clean Alternative Fuel Vehicle Eligible;58
1998;115;RANGER;Battery Electric Vehicle (BEV);Clean Alternative Fuel Vehicle Eligible;58
2018;115;FOCUS;Battery Electric Vehicle (BEV);Clean Alternative Fuel Vehicle Eligible;100
1999;115;RANGER;Battery Electric Vehicle (BEV);Clean Alternative Fuel Vehicle Eligible;74
2017;116;PRIUS PRIME;Plug-in Hybrid Electric Vehicle (PHEV);Not eligible due to low battery range;25
2014;116;RAV4;Battery Electric Vehicle (BEV);Clean Alternative Fuel Vehicle Eligible;103
2013;116;RAV4;Battery Electric Vehicle (BEV);Clean Alternative Fuel Vehicle Eligible;103
2020;116;PRIUS PRIME;Plug-in Hybrid Electric Vehicle (PHEV);Not eligible due to low battery range;25
2013;116;PRIUS PLUG-IN;Plug-in Hybrid Electric Vehicle (PHEV);Not eligible due to low battery range;6
2018;116;PRIUS PRIME;Plug-in Hybrid Electric Vehicle (PHEV);Not eligible due to low battery range;25
2021;116;RAV4 PRIME;Plug-in Hybrid Electric Vehicle (PHEV);Clean Alternative Fuel Vehicle Eligible;42
2022;116;PRIUS PRIME;Plug-in Hybrid Electric Vehicle (PHEV);Not eligible due to low battery range;25
2012;116;PRIUS PLUG-IN;Plug-in Hybrid Electric Vehicle (PHEV);Not eligible due to low battery range;6
2022;116;RAV4 PRIME;Plug-in Hybrid Electric Vehicle (PHEV);Clean Alternative Fuel Vehicle Eligible;42
2019;116;PRIUS PRIME;Plug-in Hybrid Electric Vehicle (PHEV);Not eligible due to low battery range;25
2021;116;PRIUS PRIME;Plug-in Hybrid Electric Vehicle (PHEV);Not eligible due to low battery range;25
2023;116;RAV4 PRIME;Plug-in Hybrid Electric Vehicle (PHEV);Clean Alternative Fuel Vehicle Eligible;42
2014;116;PRIUS PLUG-IN;Plug-in Hybrid Electric Vehicle (PHEV);Not eligible due to low battery range;6
2015;116;PRIUS PLUG-IN;Plug-in Hybrid Electric Vehicle (PHEV);Not eligible due to low battery range;6
2023;116;BZ4X;Battery Electric Vehicle (BEV);Eligibility unknown as battery range has not been researched;NOT TESTED
2023;116;PRIUS;Plug-in Hybrid Electric Vehicle (PHEV);Clean Alternative Fuel Vehicle Eligible;39
2012;116;RAV4;Battery Electric Vehicle (BEV);Clean Alternative Fuel Vehicle Eligible;103
2002;116;RAV4;Battery Electric Vehicle (BEV);Clean Alternative Fuel Vehicle Eligible;95
2003;116;RAV4;Battery Electric Vehicle (BEV);Clean Alternative Fuel Vehicle Eligible;95
2019;117;E-TRON;Battery Electric Vehicle (BEV);Clean Alternative Fuel Vehicle Eligible;204
2021;117;E-TRON;Battery Electric Vehicle (BEV);Clean Alternative Fuel Vehicle Eligible;222
2017;117;A3;Plug-in Hybrid Electric Vehicle (PHEV);Not eligible due to low battery range;16
2021;117;Q5 E;Plug-in Hybrid Electric Vehicle (PHEV);Not eligible due to low battery range;18
2018;117;A3;Plug-in Hybrid Electric Vehicle (PHEV);Not eligible due to low battery range;16
2022;117;Q5;Plug-in Hybrid Electric Vehicle (PHEV);Not eligible due to low battery range;22
2022;117;Q5;Plug-in Hybrid Electric Vehicle (PHEV);Not eligible due to low battery range;23
2016;117;A3;Plug-in Hybrid Electric Vehicle (PHEV);Not eligible due to low battery range;16
2023;117;Q5 E;Plug-in Hybrid Electric Vehicle (PHEV);Not eligible due to low battery range;23
2020;117;Q5 E;Plug-in Hybrid Electric Vehicle (PHEV);Not eligible due to low battery range;20
2022;117;E-TRON GT;Battery Electric Vehicle (BEV);Eligibility unknown as battery range has not been researched;NOT TESTED
2022;117;Q4;Battery Electric Vehicle (BEV);Eligibility unknown as battery range has not been researched;NOT TESTED
2021;117;A7;Plug-in Hybrid Electric Vehicle (PHEV);Not eligible due to low battery range;24
2022;117;E-TRON SPORTBACK;Battery Electric Vehicle (BEV);Eligibility unknown as battery range has not been researched;NOT TESTED
2023;117;Q4;Battery Electric Vehicle (BEV);Eligibility unknown as battery range has not been researched;NOT TESTED
2020;117;A8 E;Plug-in Hybrid Electric Vehicle (PHEV);Not eligible due to low battery range;17
2021;117;E-TRON SPORTBACK;Battery Electric Vehicle (BEV);Clean Alternative Fuel Vehicle Eligible;218
2021;117;E-TRON;Battery Electric Vehicle (BEV);Eligibility unknown as battery range has not been researched;NOT TESTED
2023;117;E-TRON;Battery Electric Vehicle (BEV);Eligibility unknown as battery range has not been researched;NOT TESTED
2022;117;E-TRON;Battery Electric Vehicle (BEV);Eligibility unknown as battery range has not been researched;NOT TESTED
2023;117;E-TRON GT;Battery Electric Vehicle (BEV);Eligibility unknown as battery range has not been researched;NOT TESTED
2023;117;RS E-TRON GT;Battery Electric Vehicle (BEV);Eligibility unknown as battery range has not been researched;NOT TESTED
2024;117;Q8;Battery Electric Vehicle (BEV);Eligibility unknown as battery range has not been researched;NOT TESTED
2021;117;E-TRON SPORTBACK;Battery Electric Vehicle (BEV);Eligibility unknown as battery range has not been researched;NOT TESTED
2022;117;RS E-TRON GT;Battery Electric Vehicle (BEV);Eligibility unknown as battery range has not been researched;NOT TESTED
2020;117;E-TRON SPORTBACK;Battery Electric Vehicle (BEV);Clean Alternative Fuel Vehicle Eligible;218
2021;117;Q5 E;Plug-in Hybrid Electric Vehicle (PHEV);Not eligible due to low battery range;19
2015;118;LEAF;Battery Electric Vehicle (BEV);Clean Alternative Fuel Vehicle Eligible;84
2014;118;LEAF;Battery Electric Vehicle (BEV);Clean Alternative Fuel Vehicle Eligible;84
2011;118;LEAF;Battery Electric Vehicle (BEV);Clean Alternative Fuel Vehicle Eligible;73
2013;118;LEAF;Battery Electric Vehicle (BEV);Clean Alternative Fuel Vehicle Eligible;75
2019;118;LEAF;Battery Electric Vehicle (BEV);Clean Alternative Fuel Vehicle Eligible;150
2018;118;LEAF;Battery Electric Vehicle (BEV);Clean Alternative Fuel Vehicle Eligible;151
2012;118;LEAF;Battery Electric Vehicle (BEV);Clean Alternative Fuel Vehicle Eligible;73
2020;118;LEAF;Battery Electric Vehicle (BEV);Clean Alternative Fuel Vehicle Eligible;149
2016;118;LEAF;Battery Electric Vehicle (BEV);Clean Alternative Fuel Vehicle Eligible;84
2017;118;LEAF;Battery Electric Vehicle (BEV);Clean Alternative Fuel Vehicle Eligible;107
2023;118;LEAF;Battery Electric Vehicle (BEV);Eligibility unknown as battery range has not been researched;NOT TESTED
2020;118;LEAF;Battery Electric Vehicle (BEV);Clean Alternative Fuel Vehicle Eligible;215
2022;118;LEAF;Battery Electric Vehicle (BEV);Eligibility unknown as battery range has not been researched;NOT TESTED
2021;118;LEAF;Battery Electric Vehicle (BEV);Eligibility unknown as battery range has not been researched;NOT TESTED
2023;118;ARIYA;Battery Electric Vehicle (BEV);Eligibility unknown as battery range has not been researched;NOT TESTED
2020;118;LEAF;Battery Electric Vehicle (BEV);Eligibility unknown as battery range has not been researched;NOT TESTED
2024;118;LEAF;Battery Electric Vehicle (BEV);Eligibility unknown as battery range has not been researched;NOT TESTED
2019;119;NIRO;Plug-in Hybrid Electric Vehicle (PHEV);Not eligible due to low battery range;26
2019;119;NIRO;Battery Electric Vehicle (BEV);Clean Alternative Fuel Vehicle Eligible;239
2022;119;SORENTO;Plug-in Hybrid Electric Vehicle (PHEV);Clean Alternative Fuel Vehicle Eligible;32
2023;119;NIRO;Plug-in Hybrid Electric Vehicle (PHEV);Clean Alternative Fuel Vehicle Eligible;33
2023;119;SPORTAGE;Plug-in Hybrid Electric Vehicle (PHEV);Clean Alternative Fuel Vehicle Eligible;34
2020;119;NIRO;Battery Electric Vehicle (BEV);Clean Alternative Fuel Vehicle Eligible;239
2016;119;SOUL;Battery Electric Vehicle (BEV);Clean Alternative Fuel Vehicle Eligible;93
2017;119;SOUL EV;Battery Electric Vehicle (BEV);Clean Alternative Fuel Vehicle Eligible;93
2023;119;NIRO;Battery Electric Vehicle (BEV);Eligibility unknown as battery range has not been researched;NOT TESTED
2021;119;NIRO;Plug-in Hybrid Electric Vehicle (PHEV);Not eligible due to low battery range;26
2023;119;EV6;Battery Electric Vehicle (BEV);Eligibility unknown as battery range has not been researched;NOT TESTED
2022;119;NIRO;Battery Electric Vehicle (BEV);Eligibility unknown as battery range has not been researched;NOT TESTED
2022;119;EV6;Battery Electric Vehicle (BEV);Eligibility unknown as battery range has not been researched;NOT TESTED
2022;119;NIRO;Plug-in Hybrid Electric Vehicle (PHEV);Not eligible due to low battery range;26
2023;119;SORENTO;Plug-in Hybrid Electric Vehicle (PHEV);Clean Alternative Fuel Vehicle Eligible;32
2018;119;NIRO;Plug-in Hybrid Electric Vehicle (PHEV);Not eligible due to low battery range;26
2018;119;OPTIMA;Plug-in Hybrid Electric Vehicle (PHEV);Not eligible due to low battery range;29
2017;119;OPTIMA;Plug-in Hybrid Electric Vehicle (PHEV);Not eligible due to low battery range;29
2018;119;SOUL EV;Battery Electric Vehicle (BEV);Clean Alternative Fuel Vehicle Eligible;111
2021;119;NIRO;Battery Electric Vehicle (BEV);Eligibility unknown as battery range has not been researched;NOT TESTED
2020;119;NIRO;Plug-in Hybrid Electric Vehicle (PHEV);Not eligible due to low battery range;26
2015;119;SOUL;Battery Electric Vehicle (BEV);Clean Alternative Fuel Vehicle Eligible;93
2020;119;OPTIMA;Plug-in Hybrid Electric Vehicle (PHEV);Not eligible due to low battery range;28
2019;119;SOUL EV;Battery Electric Vehicle (BEV);Eligibility unknown as battery range has not been researched;NOT TESTED
2019;119;OPTIMA;Plug-in Hybrid Electric Vehicle (PHEV);Not eligible due to low battery range;29
2013;120;VOLT;Plug-in Hybrid Electric Vehicle (PHEV);Clean Alternative Fuel Vehicle Eligible;38
2020;120;BOLT EV;Battery Electric Vehicle (BEV);Clean Alternative Fuel Vehicle Eligible;259
2022;120;BOLT EV;Battery Electric Vehicle (BEV);Eligibility unknown as battery range has not been researched;NOT TESTED
2017;120;BOLT EV;Battery Electric Vehicle (BEV);Clean Alternative Fuel Vehicle Eligible;238
2018;120;BOLT EV;Battery Electric Vehicle (BEV);Clean Alternative Fuel Vehicle Eligible;238
2017;120;VOLT;Plug-in Hybrid Electric Vehicle (PHEV);Clean Alternative Fuel Vehicle Eligible;53
2014;120;VOLT;Plug-in Hybrid Electric Vehicle (PHEV);Clean Alternative Fuel Vehicle Eligible;38
2019;120;BOLT EV;Battery Electric Vehicle (BEV);Clean Alternative Fuel Vehicle Eligible;238
2015;120;VOLT;Plug-in Hybrid Electric Vehicle (PHEV);Clean Alternative Fuel Vehicle Eligible;38
2023;120;BOLT EV;Battery Electric Vehicle (BEV);Eligibility unknown as battery range has not been researched;NOT TESTED
2011;120;VOLT;Plug-in Hybrid Electric Vehicle (PHEV);Clean Alternative Fuel Vehicle Eligible;35
2023;120;BOLT EUV;Battery Electric Vehicle (BEV);Eligibility unknown as battery range has not been researched;NOT TESTED
2021;120;BOLT EV;Battery Electric Vehicle (BEV);Eligibility unknown as battery range has not been researched;NOT TESTED
2014;120;SPARK;Battery Electric Vehicle (BEV);Clean Alternative Fuel Vehicle Eligible;82
2012;120;VOLT;Plug-in Hybrid Electric Vehicle (PHEV);Clean Alternative Fuel Vehicle Eligible;35
2018;120;VOLT;Plug-in Hybrid Electric Vehicle (PHEV);Clean Alternative Fuel Vehicle Eligible;53
2016;120;VOLT;Plug-in Hybrid Electric Vehicle (PHEV);Clean Alternative Fuel Vehicle Eligible;53
2015;120;SPARK;Battery Electric Vehicle (BEV);Clean Alternative Fuel Vehicle Eligible;82
2019;120;VOLT;Plug-in Hybrid Electric Vehicle (PHEV);Clean Alternative Fuel Vehicle Eligible;53
2016;120;SPARK;Battery Electric Vehicle (BEV);Clean Alternative Fuel Vehicle Eligible;82
1997;120;S-10 PICKUP;Battery Electric Vehicle (BEV);Clean Alternative Fuel Vehicle Eligible;39
2019;121;E-GOLF;Battery Electric Vehicle (BEV);Clean Alternative Fuel Vehicle Eligible;125
2023;121;ID.4;Battery Electric Vehicle (BEV);Eligibility unknown as battery range has not been researched;NOT TESTED
2022;121;ID.4;Battery Electric Vehicle (BEV);Eligibility unknown as battery range has not been researched;NOT TESTED
2016;121;E-GOLF;Battery Electric Vehicle (BEV);Clean Alternative Fuel Vehicle Eligible;83
2021;121;ID.4;Battery Electric Vehicle (BEV);Eligibility unknown as battery range has not been researched;NOT TESTED
2017;121;E-GOLF;Battery Electric Vehicle (BEV);Clean Alternative Fuel Vehicle Eligible;125
2015;121;E-GOLF;Battery Electric Vehicle (BEV);Clean Alternative Fuel Vehicle Eligible;83
2018;121;E-GOLF;Battery Electric Vehicle (BEV);Clean Alternative Fuel Vehicle Eligible;125
2016;122;500;Battery Electric Vehicle (BEV);Clean Alternative Fuel Vehicle Eligible;84
2014;122;500;Battery Electric Vehicle (BEV);Clean Alternative Fuel Vehicle Eligible;87
2017;122;500;Battery Electric Vehicle (BEV);Clean Alternative Fuel Vehicle Eligible;84
2015;122;500;Battery Electric Vehicle (BEV);Clean Alternative Fuel Vehicle Eligible;87
2013;122;500;Battery Electric Vehicle (BEV);Clean Alternative Fuel Vehicle Eligible;87
2018;122;500;Battery Electric Vehicle (BEV);Clean Alternative Fuel Vehicle Eligible;84
2019;122;500;Battery Electric Vehicle (BEV);Clean Alternative Fuel Vehicle Eligible;84
2021;123;HARDTOP;Battery Electric Vehicle (BEV);Clean Alternative Fuel Vehicle Eligible;110
2019;123;COUNTRYMAN;Plug-in Hybrid Electric Vehicle (PHEV);Not eligible due to low battery range;12
2023;123;COUNTRYMAN;Plug-in Hybrid Electric Vehicle (PHEV);Not eligible due to low battery range;17
2022;123;HARDTOP;Battery Electric Vehicle (BEV);Eligibility unknown as battery range has not been researched;NOT TESTED
2021;123;COUNTRYMAN;Plug-in Hybrid Electric Vehicle (PHEV);Not eligible due to low battery range;17
2023;123;HARDTOP;Battery Electric Vehicle (BEV);Eligibility unknown as battery range has not been researched;NOT TESTED
2018;123;COUNTRYMAN;Plug-in Hybrid Electric Vehicle (PHEV);Not eligible due to low battery range;12
2024;123;HARDTOP;Battery Electric Vehicle (BEV);Eligibility unknown as battery range has not been researched;NOT TESTED
2022;123;COUNTRYMAN;Plug-in Hybrid Electric Vehicle (PHEV);Not eligible due to low battery range;17
2020;123;COUNTRYMAN;Plug-in Hybrid Electric Vehicle (PHEV);Not eligible due to low battery range;17
2018;124;EQ FORTWO;Battery Electric Vehicle (BEV);Clean Alternative Fuel Vehicle Eligible;58
2016;124;FORTWO;Battery Electric Vehicle (BEV);Clean Alternative Fuel Vehicle Eligible;68
2013;124;FORTWO ELECTRIC DRIVE;Battery Electric Vehicle (BEV);Clean Alternative Fuel Vehicle Eligible;68
2017;124;FORTWO;Battery Electric Vehicle (BEV);Clean Alternative Fuel Vehicle Eligible;58
2014;124;FORTWO ELECTRIC DRIVE;Battery Electric Vehicle (BEV);Clean Alternative Fuel Vehicle Eligible;58
2015;124;FORTWO ELECTRIC DRIVE;Battery Electric Vehicle (BEV);Clean Alternative Fuel Vehicle Eligible;68
2019;124;EQ FORTWO;Battery Electric Vehicle (BEV);Clean Alternative Fuel Vehicle Eligible;58
2014;124;FORTWO ELECTRIC DRIVE;Battery Electric Vehicle (BEV);Clean Alternative Fuel Vehicle Eligible;68
2017;124;FORTWO;Battery Electric Vehicle (BEV);Clean Alternative Fuel Vehicle Eligible;57
2023;125;R1S;Battery Electric Vehicle (BEV);Eligibility unknown as battery range has not been researched;NOT TESTED
2022;125;R1T;Battery Electric Vehicle (BEV);Eligibility unknown as battery range has not been researched;NOT TESTED
2023;125;R1T;Battery Electric Vehicle (BEV);Eligibility unknown as battery range has not been researched;NOT TESTED
2022;125;R1S;Battery Electric Vehicle (BEV);Eligibility unknown as battery range has not been researched;NOT TESTED
2023;125;EDV;Battery Electric Vehicle (BEV);Eligibility unknown as battery range has not been researched;NOT TESTED
2022;125;EDV;Battery Electric Vehicle (BEV);Eligibility unknown as battery range has not been researched;NOT TESTED
2021;126;XC90;Plug-in Hybrid Electric Vehicle (PHEV);Not eligible due to low battery range;18
2023;126;XC60;Plug-in Hybrid Electric Vehicle (PHEV);Clean Alternative Fuel Vehicle Eligible;35
2016;126;XC90;Plug-in Hybrid Electric Vehicle (PHEV);Not eligible due to low battery range;13
2018;126;XC60;Plug-in Hybrid Electric Vehicle (PHEV);Not eligible due to low battery range;17
2021;126;XC60;Plug-in Hybrid Electric Vehicle (PHEV);Not eligible due to low battery range;18
2020;126;XC90;Plug-in Hybrid Electric Vehicle (PHEV);Not eligible due to low battery range;18
2022;126;XC90;Plug-in Hybrid Electric Vehicle (PHEV);Clean Alternative Fuel Vehicle Eligible;35
2019;126;XC90;Plug-in Hybrid Electric Vehicle (PHEV);Not eligible due to low battery range;17
2022;126;XC40;Battery Electric Vehicle (BEV);Eligibility unknown as battery range has not been researched;NOT TESTED
2022;126;S60;Plug-in Hybrid Electric Vehicle (PHEV);Clean Alternative Fuel Vehicle Eligible;41
2023;126;XC40;Battery Electric Vehicle (BEV);Eligibility unknown as battery range has not been researched;NOT TESTED
2020;126;XC60;Plug-in Hybrid Electric Vehicle (PHEV);Not eligible due to low battery range;18
2019;126;XC60;Plug-in Hybrid Electric Vehicle (PHEV);Not eligible due to low battery range;17
2017;126;XC90;Plug-in Hybrid Electric Vehicle (PHEV);Not eligible due to low battery range;14
2023;126;C40;Battery Electric Vehicle (BEV);Eligibility unknown as battery range has not been researched;NOT TESTED
2021;126;XC40;Battery Electric Vehicle (BEV);Eligibility unknown as battery range has not been researched;NOT TESTED
2021;126;S60;Plug-in Hybrid Electric Vehicle (PHEV);Not eligible due to low battery range;22
2022;126;XC90;Plug-in Hybrid Electric Vehicle (PHEV);Not eligible due to low battery range;18
2022;126;XC60;Plug-in Hybrid Electric Vehicle (PHEV);Clean Alternative Fuel Vehicle Eligible;35
2023;126;XC90;Plug-in Hybrid Electric Vehicle (PHEV);Clean Alternative Fuel Vehicle Eligible;32
2022;126;XC60;Plug-in Hybrid Electric Vehicle (PHEV);Not eligible due to low battery range;18
2021;126;V60;Plug-in Hybrid Electric Vehicle (PHEV);Not eligible due to low battery range;22
2020;126;XC60;Plug-in Hybrid Electric Vehicle (PHEV);Not eligible due to low battery range;19
2024;126;XC60;Plug-in Hybrid Electric Vehicle (PHEV);Clean Alternative Fuel Vehicle Eligible;35
2018;126;XC90;Plug-in Hybrid Electric Vehicle (PHEV);Not eligible due to low battery range;19
2023;126;S60;Plug-in Hybrid Electric Vehicle (PHEV);Clean Alternative Fuel Vehicle Eligible;41
2020;126;V60;Plug-in Hybrid Electric Vehicle (PHEV);Not eligible due to low battery range;22
2022;126;C40;Battery Electric Vehicle (BEV);Eligibility unknown as battery range has not been researched;NOT TESTED
2019;126;S60;Plug-in Hybrid Electric Vehicle (PHEV);Not eligible due to low battery range;22
2018;126;S90;Plug-in Hybrid Electric Vehicle (PHEV);Not eligible due to low battery range;21
2020;126;S60;Plug-in Hybrid Electric Vehicle (PHEV);Not eligible due to low battery range;22
2024;126;XC90;Plug-in Hybrid Electric Vehicle (PHEV);Clean Alternative Fuel Vehicle Eligible;32
2022;126;S60;Plug-in Hybrid Electric Vehicle (PHEV);Not eligible due to low battery range;22
2019;126;S90;Plug-in Hybrid Electric Vehicle (PHEV);Not eligible due to low battery range;21
2022;126;V60;Plug-in Hybrid Electric Vehicle (PHEV);Clean Alternative Fuel Vehicle Eligible;41
2020;126;S90;Plug-in Hybrid Electric Vehicle (PHEV);Not eligible due to low battery range;21
2023;126;V60;Plug-in Hybrid Electric Vehicle (PHEV);Clean Alternative Fuel Vehicle Eligible;41
2024;126;V60;Plug-in Hybrid Electric Vehicle (PHEV);Clean Alternative Fuel Vehicle Eligible;41
2022;126;V60;Plug-in Hybrid Electric Vehicle (PHEV);Not eligible due to low battery range;22
2023;126;S90;Plug-in Hybrid Electric Vehicle (PHEV);Clean Alternative Fuel Vehicle Eligible;38
2018;127;CAYENNE;Plug-in Hybrid Electric Vehicle (PHEV);Not eligible due to low battery range;14
2021;127;TAYCAN;Battery Electric Vehicle (BEV);Eligibility unknown as battery range has not been researched;NOT TESTED
2023;127;TAYCAN;Battery Electric Vehicle (BEV);Eligibility unknown as battery range has not been researched;NOT TESTED
2021;127;TAYCAN;Battery Electric Vehicle (BEV);Clean Alternative Fuel Vehicle Eligible;203
2017;127;CAYENNE;Plug-in Hybrid Electric Vehicle (PHEV);Not eligible due to low battery range;14
2023;127;CAYENNE;Plug-in Hybrid Electric Vehicle (PHEV);Not eligible due to low battery range;14
2021;127;CAYENNE;Plug-in Hybrid Electric Vehicle (PHEV);Not eligible due to low battery range;16
2019;127;CAYENNE;Plug-in Hybrid Electric Vehicle (PHEV);Not eligible due to low battery range;13
2022;127;TAYCAN;Battery Electric Vehicle (BEV);Eligibility unknown as battery range has not been researched;NOT TESTED
2014;127;PANAMERA;Plug-in Hybrid Electric Vehicle (PHEV);Not eligible due to low battery range;15
2016;127;CAYENNE;Plug-in Hybrid Electric Vehicle (PHEV);Not eligible due to low battery range;14
2020;127;TAYCAN;Battery Electric Vehicle (BEV);Clean Alternative Fuel Vehicle Eligible;203
2023;127;CAYENNE;Plug-in Hybrid Electric Vehicle (PHEV);Not eligible due to low battery range;17
2015;127;PANAMERA;Plug-in Hybrid Electric Vehicle (PHEV);Not eligible due to low battery range;15
2020;127;TAYCAN;Battery Electric Vehicle (BEV);Clean Alternative Fuel Vehicle Eligible;192
2022;127;PANAMERA;Plug-in Hybrid Electric Vehicle (PHEV);Not eligible due to low battery range;18
2018;127;PANAMERA;Plug-in Hybrid Electric Vehicle (PHEV);Not eligible due to low battery range;16
2020;127;CAYENNE;Plug-in Hybrid Electric Vehicle (PHEV);Not eligible due to low battery range;14
2021;127;TAYCAN;Battery Electric Vehicle (BEV);Clean Alternative Fuel Vehicle Eligible;192
2018;127;PANAMERA;Plug-in Hybrid Electric Vehicle (PHEV);Not eligible due to low battery range;14
2022;127;PANAMERA;Plug-in Hybrid Electric Vehicle (PHEV);Not eligible due to low battery range;19
2016;127;PANAMERA;Plug-in Hybrid Electric Vehicle (PHEV);Not eligible due to low battery range;15
2015;127;CAYENNE;Plug-in Hybrid Electric Vehicle (PHEV);Not eligible due to low battery range;14
2022;127;CAYENNE;Plug-in Hybrid Electric Vehicle (PHEV);Not eligible due to low battery range;16
2020;127;PANAMERA;Plug-in Hybrid Electric Vehicle (PHEV);Not eligible due to low battery range;14
2019;127;PANAMERA;Plug-in Hybrid Electric Vehicle (PHEV);Not eligible due to low battery range;14
2022;127;CAYENNE;Plug-in Hybrid Electric Vehicle (PHEV);Not eligible due to low battery range;15
2021;127;PANAMERA;Plug-in Hybrid Electric Vehicle (PHEV);Not eligible due to low battery range;18
2015;127;918;Plug-in Hybrid Electric Vehicle (PHEV);Not eligible due to low battery range;12
2023;127;PANAMERA;Plug-in Hybrid Electric Vehicle (PHEV);Not eligible due to low battery range;18
2022;127;CAYENNE;Plug-in Hybrid Electric Vehicle (PHEV);Not eligible due to low battery range;14
2020;127;CAYENNE;Plug-in Hybrid Electric Vehicle (PHEV);Not eligible due to low battery range;12
2018;128;CLARITY;Plug-in Hybrid Electric Vehicle (PHEV);Clean Alternative Fuel Vehicle Eligible;47
2021;128;CLARITY;Plug-in Hybrid Electric Vehicle (PHEV);Clean Alternative Fuel Vehicle Eligible;47
2019;128;CLARITY;Plug-in Hybrid Electric Vehicle (PHEV);Clean Alternative Fuel Vehicle Eligible;47
2020;128;CLARITY;Plug-in Hybrid Electric Vehicle (PHEV);Clean Alternative Fuel Vehicle Eligible;47
2014;128;ACCORD;Plug-in Hybrid Electric Vehicle (PHEV);Not eligible due to low battery range;13
2021;128;CLARITY;Plug-in Hybrid Electric Vehicle (PHEV);Clean Alternative Fuel Vehicle Eligible;48
2023;129;OUTLANDER;Plug-in Hybrid Electric Vehicle (PHEV);Clean Alternative Fuel Vehicle Eligible;38
2018;129;OUTLANDER;Plug-in Hybrid Electric Vehicle (PHEV);Not eligible due to low battery range;22
2019;129;OUTLANDER;Plug-in Hybrid Electric Vehicle (PHEV);Not eligible due to low battery range;22
2020;129;OUTLANDER;Plug-in Hybrid Electric Vehicle (PHEV);Not eligible due to low battery range;22
2012;129;I-MIEV;Battery Electric Vehicle (BEV);Clean Alternative Fuel Vehicle Eligible;62
2014;129;I-MIEV;Battery Electric Vehicle (BEV);Clean Alternative Fuel Vehicle Eligible;62
2016;129;I-MIEV;Battery Electric Vehicle (BEV);Clean Alternative Fuel Vehicle Eligible;62
2022;129;OUTLANDER;Plug-in Hybrid Electric Vehicle (PHEV);Not eligible due to low battery range;24
2021;129;OUTLANDER;Plug-in Hybrid Electric Vehicle (PHEV);Not eligible due to low battery range;24
2017;129;I-MIEV;Battery Electric Vehicle (BEV);Clean Alternative Fuel Vehicle Eligible;59
2023;130;SOLTERRA;Battery Electric Vehicle (BEV);Eligibility unknown as battery range has not been researched;NOT TESTED
2019;130;CROSSTREK;Plug-in Hybrid Electric Vehicle (PHEV);Not eligible due to low battery range;17
2021;131;PS2;Battery Electric Vehicle (BEV);Clean Alternative Fuel Vehicle Eligible;233
2023;131;PS2;Battery Electric Vehicle (BEV);Eligibility unknown as battery range has not been researched;NOT TESTED
2022;131;PS2;Battery Electric Vehicle (BEV);Eligibility unknown as battery range has not been researched;NOT TESTED
2024;131;PS2;Battery Electric Vehicle (BEV);Eligibility unknown as battery range has not been researched;NOT TESTED
2022;132;EQB-CLASS;Battery Electric Vehicle (BEV);Eligibility unknown as battery range has not been researched;NOT TESTED
2022;132;EQS-CLASS SEDAN;Battery Electric Vehicle (BEV);Eligibility unknown as battery range has not been researched;NOT TESTED
2019;132;GLC-CLASS;Plug-in Hybrid Electric Vehicle (PHEV);Not eligible due to low battery range;10
2023;132;EQS-CLASS SUV;Battery Electric Vehicle (BEV);Eligibility unknown as battery range has not been researched;NOT TESTED
2016;132;B-CLASS;Battery Electric Vehicle (BEV);Clean Alternative Fuel Vehicle Eligible;87
2018;132;GLE-CLASS;Plug-in Hybrid Electric Vehicle (PHEV);Not eligible due to low battery range;8
2018;132;C-CLASS;Plug-in Hybrid Electric Vehicle (PHEV);Not eligible due to low battery range;8
2023;132;EQE-CLASS SUV;Battery Electric Vehicle (BEV);Eligibility unknown as battery range has not been researched;NOT TESTED
2014;132;B-CLASS;Battery Electric Vehicle (BEV);Clean Alternative Fuel Vehicle Eligible;87
2017;132;B-CLASS;Battery Electric Vehicle (BEV);Clean Alternative Fuel Vehicle Eligible;87
2020;132;GLC-CLASS;Plug-in Hybrid Electric Vehicle (PHEV);Not eligible due to low battery range;22
2023;132;EQS-CLASS SEDAN;Battery Electric Vehicle (BEV);Eligibility unknown as battery range has not been researched;NOT TESTED
2023;132;EQB-CLASS;Battery Electric Vehicle (BEV);Eligibility unknown as battery range has not been researched;NOT TESTED
2015;132;B-CLASS;Battery Electric Vehicle (BEV);Clean Alternative Fuel Vehicle Eligible;87
2017;132;GLE-CLASS;Plug-in Hybrid Electric Vehicle (PHEV);Not eligible due to low battery range;10
2023;132;EQE-CLASS SEDAN;Battery Electric Vehicle (BEV);Eligibility unknown as battery range has not been researched;NOT TESTED
2015;132;S-CLASS;Plug-in Hybrid Electric Vehicle (PHEV);Not eligible due to low battery range;14
2018;132;GLC-CLASS;Plug-in Hybrid Electric Vehicle (PHEV);Not eligible due to low battery range;9
2017;132;S-CLASS;Plug-in Hybrid Electric Vehicle (PHEV);Not eligible due to low battery range;12
2017;132;C-CLASS;Plug-in Hybrid Electric Vehicle (PHEV);Not eligible due to low battery range;8
2016;132;GLE-CLASS;Plug-in Hybrid Electric Vehicle (PHEV);Not eligible due to low battery range;10
2016;132;C-CLASS;Plug-in Hybrid Electric Vehicle (PHEV);Not eligible due to low battery range;11
2016;132;S-CLASS;Plug-in Hybrid Electric Vehicle (PHEV);Not eligible due to low battery range;14
2024;133;LYRIQ;Battery Electric Vehicle (BEV);Eligibility unknown as battery range has not been researched;NOT TESTED
2014;133;ELR;Plug-in Hybrid Electric Vehicle (PHEV);Clean Alternative Fuel Vehicle Eligible;37
2016;133;ELR;Plug-in Hybrid Electric Vehicle (PHEV);Clean Alternative Fuel Vehicle Eligible;40
2018;133;CT6;Plug-in Hybrid Electric Vehicle (PHEV);Clean Alternative Fuel Vehicle Eligible;31
2023;133;LYRIQ;Battery Electric Vehicle (BEV);Eligibility unknown as battery range has not been researched;NOT TESTED
2016;133;ELR;Plug-in Hybrid Electric Vehicle (PHEV);Clean Alternative Fuel Vehicle Eligible;36
2017;133;CT6;Plug-in Hybrid Electric Vehicle (PHEV);Clean Alternative Fuel Vehicle Eligible;31
2019;134;I-PACE;Battery Electric Vehicle (BEV);Clean Alternative Fuel Vehicle Eligible;234
2020;134;I-PACE;Battery Electric Vehicle (BEV);Clean Alternative Fuel Vehicle Eligible;234
2022;134;I-PACE;Battery Electric Vehicle (BEV);Eligibility unknown as battery range has not been researched;NOT TESTED
2023;134;I-PACE;Battery Electric Vehicle (BEV);Eligibility unknown as battery range has not been researched;NOT TESTED
2024;134;I-PACE;Battery Electric Vehicle (BEV);Eligibility unknown as battery range has not been researched;NOT TESTED
2021;134;I-PACE;Battery Electric Vehicle (BEV);Eligibility unknown as battery range has not been researched;NOT TESTED
2021;135;AVIATOR;Plug-in Hybrid Electric Vehicle (PHEV);Not eligible due to low battery range;21
2022;135;AVIATOR;Plug-in Hybrid Electric Vehicle (PHEV);Not eligible due to low battery range;21
2020;135;AVIATOR;Plug-in Hybrid Electric Vehicle (PHEV);Not eligible due to low battery range;21
2023;135;AVIATOR;Plug-in Hybrid Electric Vehicle (PHEV);Not eligible due to low battery range;21
2021;135;CORSAIR;Plug-in Hybrid Electric Vehicle (PHEV);Not eligible due to low battery range;28
2022;135;CORSAIR;Plug-in Hybrid Electric Vehicle (PHEV);Not eligible due to low battery range;28
2023;135;CORSAIR;Plug-in Hybrid Electric Vehicle (PHEV);Not eligible due to low battery range;28
2023;136;G80;Battery Electric Vehicle (BEV);Eligibility unknown as battery range has not been researched;NOT TESTED
2023;136;GV60;Battery Electric Vehicle (BEV);Eligibility unknown as battery range has not been researched;NOT TESTED
2023;136;GV70;Battery Electric Vehicle (BEV);Eligibility unknown as battery range has not been researched;NOT TESTED
2023;137;AIR;Battery Electric Vehicle (BEV);Eligibility unknown as battery range has not been researched;NOT TESTED
2022;137;AIR;Battery Electric Vehicle (BEV);Eligibility unknown as battery range has not been researched;NOT TESTED
2022;138;NX;Plug-in Hybrid Electric Vehicle (PHEV);Clean Alternative Fuel Vehicle Eligible;37
2023;138;RZ 450E;Battery Electric Vehicle (BEV);Eligibility unknown as battery range has not been researched;NOT TESTED
2024;138;NX;Plug-in Hybrid Electric Vehicle (PHEV);Clean Alternative Fuel Vehicle Eligible;37
2023;138;NX;Plug-in Hybrid Electric Vehicle (PHEV);Clean Alternative Fuel Vehicle Eligible;37
2012;139;KARMA;Plug-in Hybrid Electric Vehicle (PHEV);Clean Alternative Fuel Vehicle Eligible;33
2024;140;CX-90;Plug-in Hybrid Electric Vehicle (PHEV);Not eligible due to low battery range;26
2020;141;RANGE ROVER;Plug-in Hybrid Electric Vehicle (PHEV);Not eligible due to low battery range;19
2020;141;RANGE ROVER SPORT;Plug-in Hybrid Electric Vehicle (PHEV);Not eligible due to low battery range;19
2023;141;RANGE ROVER SPORT;Plug-in Hybrid Electric Vehicle (PHEV);Not eligible due to low battery range;19
2021;141;RANGE ROVER;Plug-in Hybrid Electric Vehicle (PHEV);Not eligible due to low battery range;19
2021;141;RANGE ROVER SPORT;Plug-in Hybrid Electric Vehicle (PHEV);Not eligible due to low battery range;19
2023;141;RANGE ROVER;Plug-in Hybrid Electric Vehicle (PHEV);Clean Alternative Fuel Vehicle Eligible;51
2011;142;CITY;Battery Electric Vehicle (BEV);Clean Alternative Fuel Vehicle Eligible;100
2012;143;TRANSIT CONNECT ELECTRIC;Battery Electric Vehicle (BEV);Clean Alternative Fuel Vehicle Eligible;56
2011;143;TRANSIT CONNECT ELECTRIC;Battery Electric Vehicle (BEV);Clean Alternative Fuel Vehicle Eligible;56
2024;144;TONALE;Plug-in Hybrid Electric Vehicle (PHEV);Clean Alternative Fuel Vehicle Eligible;33
2010;145;WHEEGO;Plug-in Hybrid Electric Vehicle (PHEV);Clean Alternative Fuel Vehicle Eligible;100
2022;146;FLYING SPUR;Plug-in Hybrid Electric Vehicle (PHEV);Not eligible due to low battery range;21
2021;146;BENTAYGA;Plug-in Hybrid Electric Vehicle (PHEV);Not eligible due to low battery range;17
